locale,name,script,script_type,mean_delta,n_models,old,new
chr,Cherokee,Cher,syllabary,0.2,16,0.0,0.2
ccp,Chakma,Cakm,abugida,0.2,16,0.0,0.2
hnj,Hmong Njua,Hmnp,alphabet,0.2,16,0.0,0.2
rhg,Rohingya,Rohg,abjad,0.2,16,0.0,0.2
vai,Vai,Vaii,syllabary,0.19978125000000002,16,0.001125,0.20090625
ii,Sichuan Yi,Yiii,syllabary,0.19933125000000002,16,0.0033375,0.20266875
sat,Santali,Olck,alphabet,0.195475,16,0.022574999999999998,0.21805000000000002
osa,Osage,Osge,alphabet,0.1934375,16,0.0328125,0.22625
or,Odia,Orya,abugida,0.1896357142857143,14,0.05114285714285714,0.24077857142857145
dv,Divehi,Thaa,abjad,0.18928125,16,0.0535625,0.24284375000000002
blt,Tai Dam,Tavt,abugida,0.1873125,16,0.06346875,0.25078125
cop,Coptic,Copt,alphabet,0.1859375,16,0.0703125,0.25625
iu,Inuktitut,Cans,syllabary,0.18453125,16,0.07740625,0.2619375
tig,Tigre,Ethi,syllabary,0.18360625,16,0.08186875,0.265475
wal,Wolaytta,Ethi,syllabary,0.18345,16,0.08275625,0.26620625000000003
csw,Swampy Cree,Cans,syllabary,0.18325,16,0.08375,0.267
ko,Korean,Kore,featural_syllabary,0.18195625,16,0.08934375,0.2713
bo,Tibetan,Tibt,abugida,0.17685625,16,0.11567500000000001,0.29253125
ti,Tigrinya,Ethi,syllabary,0.176675,16,0.11669375,0.29336875
byn,Blin,Ethi,syllabary,0.17613125,16,0.119375,0.29550624999999997
am,Amharic,Ethi,syllabary,0.17531875000000002,16,0.1234375,0.29875625
syr,Syriac,Syrc,abjad,0.17409375,16,0.12946875,0.3035625
si,Sinhala,Sinh,abugida,0.17146875,16,0.142725,0.31419375
gez,Geez,Ethi,syllabary,0.17023125,16,0.148775,0.31900625000000005
dz,Dzongkha,Tibt,abugida,0.165275,16,0.17351250000000001,0.3387875
lo,Lao,Laoo,abugida,0.16158750000000002,16,0.19205,0.35363750000000005
shn,Shan,Mymr,abugida,0.1571,16,0.21301875,0.37011875
km,Khmer,Khmr,abugida,0.15607500000000002,16,0.21909375,0.37516875
nqo,N’Ko,Nkoo,alphabet,0.1558125,16,0.22103125,0.37684375000000003
shi,Tachelhit,Tfng,alphabet,0.15273750000000003,16,0.236325,0.38906250000000003
zgh,Standard Moroccan Tamazight,Tfng,alphabet,0.15273750000000003,16,0.236325,0.38906250000000003
pa,Punjabi,Guru,abugida,0.14225625,16,0.28475625,0.4270125
my,Burmese,Mymr,abugida,0.136875,16,0.311875,0.44875
gu,Gujarati,Gujr,abugida,0.13490624999999998,16,0.31324375,0.44815
te,Telugu,Telu,abugida,0.1332125,16,0.3258875,0.4591
hy,Armenian,Armn,alphabet,0.1304,9,0.33216666666666667,0.4625666666666667
kn,Kannada,Knda,abugida,0.124125,16,0.37359375,0.49771875
ml,Malayalam,Mlym,abugida,0.1137125,16,0.42033750000000003,0.53405
cu,Church Slavic,Cyrl,alphabet,0.10053749999999997,16,0.4973875,0.5979249999999999
as,Assamese,Beng,abugida,0.09955000000000001,14,0.4987785714285714,0.5983285714285714
mni,Manipuri,Beng,abugida,0.09709999999999998,14,0.5108857142857143,0.6079857142857142
bn,Bangla,Beng,abugida,0.095775,16,0.5172875,0.6130625
ta,Tamil,Taml,abugida,0.09498749999999999,16,0.51406875,0.60905625
ka,Georgian,Geor,alphabet,0.08938125,16,0.54621875,0.6356
he,Hebrew,Hebr,abjad,0.07828571428571429,7,0.6084714285714286,0.6867571428571428
ur,Urdu,Arab,abjad,0.07474000000000001,5,0.62158,0.69632
doi,Dogri,Deva,abugida,0.07426875000000005,16,0.62401875,0.6982875000000001
sa,Sanskrit,Deva,abugida,0.07426875000000005,16,0.62401875,0.6982875000000001
xnr,Kangri,Deva,abugida,0.07423571428571428,14,0.6226357142857143,0.6968714285714286
kok,Konkani,Deva,abugida,0.07368124999999999,16,0.626875,0.70055625
ja,Japanese,Jpan,mixed_logographic,0.07196250000000003,16,0.63949375,0.71145625
bho,Bhojpuri,Deva,abugida,0.07189166666666667,12,0.6364500000000001,0.7083416666666666
raj,Rajasthani,Deva,abugida,0.07179999999999999,12,0.6365416666666667,0.7083416666666666
yue,Cantonese,Hant,logographic,0.06910624999999998,16,0.65386875,0.722975
brx,Bodo,Deva,abugida,0.06885714285714287,14,0.6490785714285714,0.7179357142857142
bgc,Haryanvi,Deva,abugida,0.06627142857142862,14,0.6624428571428572,0.7287142857142858
ne,Nepali,Deva,abugida,0.06605625,16,0.66446875,0.730525
hi,Hindi,Deva,abugida,0.06605625,16,0.66446875,0.730525
sd,Sindhi,Arab,abjad,0.06589999999999993,16,0.66956875,0.73546875
mai,Maithili,Deva,abugida,0.06478333333333333,12,0.6726083333333334,0.7373916666666668
th,Thai,Thai,abugida,0.06371249999999998,16,0.6802125,0.743925
mr,Marathi,Deva,abugida,0.06248125,16,0.6825249999999999,0.74500625
yi,Yiddish,Hebr,abjad,0.055506250000000035,16,0.7185625,0.77406875
ab,Abkhazian,Cyrl,alphabet,0.054375000000000014,16,0.728125,0.7825
sdh,Southern Kurdish,Arab,abjad,0.054009090909090895,11,0.7299454545454546,0.7839545454545455
ug,Uyghur,Arab,abjad,0.053472727272727255,11,0.7326181818181818,0.7860909090909091
bal,Baluchi,Arab,abjad,0.051833333333333356,9,0.7407555555555556,0.7925888888888889
mdf,Moksha,Cyrl,alphabet,0.051449999999999996,2,0.74245,0.7939
myv,Erzya,Cyrl,alphabet,0.051449999999999996,2,0.74245,0.7939
ru,Russian,Cyrl,alphabet,0.051449999999999996,2,0.74245,0.7939
bg,Bulgarian,Cyrl,alphabet,0.04999999999999999,2,0.75,0.8
bgn,Western Balochi,Arab,abjad,0.049911111111111135,9,0.7507222222222222,0.8006333333333333
vi,Vietnamese,Latn,alphabet,0.04742222222222223,9,0.7602,0.8076222222222222
ckb,Central Kurdish,Arab,abjad,0.04681818181818185,11,0.7658545454545455,0.8126727272727273
zh,Chinese,Hans,logographic,0.046037500000000016,16,0.76941875,0.81545625
skr,skr,Arab,abjad,0.04487500000000001,16,0.7743625000000001,0.8192375000000001
trw,Torwali,Arab,abjad,0.04476875000000004,16,0.7741,0.81886875
ps,Pashto,Arab,abjad,0.04438749999999998,16,0.77655625,0.82094375
mzn,Mazanderani,Arab,abjad,0.04423000000000001,10,0.77695,0.82118
fa,Persian,Arab,abjad,0.04423000000000001,10,0.77695,0.82118
jgo,Ngomba,Latn,alphabet,0.04221249999999999,16,0.78889375,0.8311062499999999
kk,Kazakh,Cyrl,alphabet,0.041499999999999995,7,0.7925142857142857,0.8340142857142857
lrc,Northern Luri,Arab,abjad,0.040693749999999966,16,0.796525,0.83721875
tt,Tatar,Cyrl,alphabet,0.03735714285714287,7,0.8132,0.8505571428571429
kpe,Kpelle,Latn,alphabet,0.036799999999999944,9,0.8160777777777778,0.8528777777777777
ks,Kashmiri,Arab,abjad,0.03666250000000003,16,0.8153625,0.852025
kab,Kabyle,Latn,alphabet,0.03632727272727272,11,0.8181909090909091,0.8545181818181817
el,Greek,Grek,alphabet,0.03589090909090909,11,0.820690909090909,0.8565818181818181
ba,Bashkir,Cyrl,alphabet,0.03550909090909093,11,0.8225272727272728,0.8580363636363636
tg,Tajik,Cyrl,alphabet,0.0353363636363636,11,0.8233818181818182,0.8587181818181818
kaa,Kara-Kalpak,Cyrl,alphabet,0.035244444444444474,9,0.8238444444444445,0.8590888888888889
apc,apc,Arab,abjad,0.03520833333333332,12,0.8218416666666667,0.85705
ar,Arabic,Arab,abjad,0.03520833333333332,12,0.8218416666666667,0.85705
sr,Serbian,Cyrl,alphabet,0.03480000000000002,9,0.8248222222222222,0.8596222222222223
sah,Yakut,Cyrl,alphabet,0.03359090909090905,11,0.8321727272727273,0.8657636363636364
tzm,Central Atlas Tamazight,Latn,alphabet,0.033445454545454514,11,0.8328181818181818,0.8662636363636363
yav,Yangben,Latn,alphabet,0.03161428571428572,7,0.8419428571428572,0.8735571428571429
kxv,Kuvi,Latn,alphabet,0.030922222222222222,9,0.8451333333333334,0.8760555555555556
mn,Mongolian,Cyrl,alphabet,0.030840000000000044,5,0.8457399999999999,0.87658
ve,Venda,Latn,alphabet,0.030343749999999975,16,0.84820625,0.8785499999999999
eo,Esperanto,Latn,alphabet,0.030188888888888907,9,0.8468111111111111,0.877
cv,Chuvash,Cyrl,alphabet,0.029963636363636324,11,0.8501272727272727,0.880090909090909
bas,Basaa,Latn,alphabet,0.029631250000000005,16,0.851225,0.88085625
mk,Macedonian,Cyrl,alphabet,0.02936363636363636,11,0.8498272727272728,0.879190909090909
rif,Riffian,Latn,alphabet,0.02936363636363635,11,0.8533636363636364,0.8827272727272727
yrl,Nheengatu,Latn,alphabet,0.02860000000000007,5,0.8571,0.8857000000000002
agq,Aghem,Latn,alphabet,0.028574999999999982,16,0.856975,0.88555
nnh,Ngiemboon,Latn,alphabet,0.02847500000000002,16,0.85764375,0.88611875
ky,Kyrgyz,Cyrl,alphabet,0.027671428571428538,7,0.8617285714285714,0.8894
dua,Duala,Latn,alphabet,0.027588888888888885,9,0.8619666666666667,0.8895555555555555
tyv,Tuvinian,Cyrl,alphabet,0.026971428571428615,7,0.8650857142857143,0.8920571428571428
ee,Ewe,Latn,alphabet,0.026471428571428566,14,0.8671214285714285,0.8935928571428571
kgp,Kaingang,Latn,alphabet,0.026357142857142857,7,0.8681428571428571,0.8945
ken,Kenyang,Latn,alphabet,0.02624375000000001,16,0.86889375,0.8951375
nmg,Kwasio,Latn,alphabet,0.02587499999999999,16,0.86995625,0.89583125
ewo,Ewondo,Latn,alphabet,0.025835714285714257,14,0.8708571428571429,0.8966928571428571
naq,Nama,Latn,alphabet,0.025800000000000045,11,0.871,0.8968
bss,Akoose,Latn,alphabet,0.025237499999999982,16,0.8737875,0.899025
blo,Anii,Latn,alphabet,0.024999999999999994,16,0.87500625,0.90000625
mgo,Metaʼ,Latn,alphabet,0.023242857142857152,7,0.8839,0.9071428571428571
ha,Hausa,Latn,alphabet,0.023156250000000024,16,0.8815,0.9046562499999999
lkt,Lakota,Latn,alphabet,0.0230363636363636,11,0.8848454545454545,0.9078818181818181
kkj,Kako,Latn,alphabet,0.022821428571428548,14,0.8860071428571429,0.9088285714285714
cy,Welsh,Latn,alphabet,0.02266875000000001,16,0.8864937500000001,0.9091625
sms,Skolt Sami,Latn,alphabet,0.02258750000000001,16,0.88558125,0.90816875
uk,Ukrainian,Cyrl,alphabet,0.022436363636363657,11,0.8877272727272728,0.9101636363636364
bm,Bambara,Latn,alphabet,0.022199999999999998,9,0.8889222222222222,0.9111222222222222
ln,Lingala,Latn,alphabet,0.021957142857142817,14,0.8902428571428571,0.9122
is,Icelandic,Latn,alphabet,0.02190000000000003,2,0.8906000000000001,0.9125000000000001
cch,Atsam,Latn,alphabet,0.021435714285714298,14,0.8928642857142857,0.9143
lu,Luba-Katanga,Latn,alphabet,0.021049999999999975,6,0.8947333333333334,0.9157833333333333
prg,Prussian,Latn,alphabet,0.020963636363636365,11,0.8951090909090909,0.9160727272727273
ksf,Bafia,Latn,alphabet,0.020922222222222238,9,0.8954333333333333,0.9163555555555555
mua,Mundang,Latn,alphabet,0.020831249999999996,16,0.893,0.91383125
co,Corsican,Latn,alphabet,0.020600000000000063,2,0.8966,0.9172
vec,Venetian,Latn,alphabet,0.020600000000000063,2,0.8966,0.9172
ki,Kikuyu,Latn,alphabet,0.020000000000000018,5,0.9,0.9200000000000002
gaa,Ga,Latn,alphabet,0.01979999999999991,7,0.9010857142857144,0.9208857142857142
be,Belarusian,Cyrl,alphabet,0.019614285714285695,7,0.9018142857142857,0.9214285714285715
nus,Nuer,Latn,alphabet,0.01950000000000001,14,0.90275,0.92225
pap,Papiamento,Latn,alphabet,0.019399999999999973,2,0.9032,0.9226
yo,Yoruba,Latn,alphabet,0.019062499999999996,16,0.9046875,0.92375
ff,Fula,Latn,alphabet,0.018962500000000014,16,0.90234375,0.92130625
lv,Latvian,Latn,alphabet,0.01884444444444444,9,0.9057333333333334,0.9245777777777779
gn,Guarani,Latn,alphabet,0.018528571428571432,14,0.9064500000000001,0.9249785714285714
mas,Masai,Latn,alphabet,0.01821818181818183,11,0.9090727272727274,0.9272909090909092
mt,Maltese,Latn,alphabet,0.018181818181818177,11,0.9091,0.9272818181818182
arn,Mapuche,Latn,alphabet,0.018000000000000016,16,0.91,0.928
ltg,Latgalian,Latn,alphabet,0.01778888888888888,9,0.9110999999999999,0.9288888888888889
gd,Scottish Gaelic,Latn,alphabet,0.01739999999999997,2,0.913,0.9304
lij,Ligurian,Latn,alphabet,0.01739999999999997,2,0.913,0.9304
fo,Faroese,Latn,alphabet,0.017199999999999993,2,0.9138,0.931
ak,Akan,Latn,alphabet,0.016683333333333328,6,0.9166666666666666,0.93335
hu,Hungarian,Latn,alphabet,0.01666666666666668,3,0.9166666666666666,0.9333333333333332
sk,Slovak,Latn,alphabet,0.016509090909090886,11,0.9169090909090909,0.9334181818181818
mhn,mhn,Latn,alphabet,0.016199999999999992,2,0.9189,0.9351
oc,Occitan,Latn,alphabet,0.016199999999999992,2,0.9189,0.9351
ca,Catalan,Latn,alphabet,0.016199999999999992,2,0.9189,0.9351
mic,Mi'kmaw,Latn,alphabet,0.016177777777777774,9,0.9191666666666668,0.9353444444444445
dje,Zarma,Latn,alphabet,0.01597777777777777,9,0.919088888888889,0.9350666666666666
khq,Koyra Chiini,Latn,alphabet,0.01597777777777777,9,0.919088888888889,0.9350666666666666
twq,Tasawaq,Latn,alphabet,0.01597777777777777,9,0.919088888888889,0.9350666666666666
ses,Koyraboro Senni,Latn,alphabet,0.01597777777777777,9,0.919088888888889,0.9350666666666666
moh,Mohawk,Latn,alphabet,0.015659999999999962,5,0.92174,0.9374
cho,Choctaw,Latn,alphabet,0.01560714285714278,14,0.9218000000000001,0.9374071428571428
sc,Sardinian,Latn,alphabet,0.01539999999999997,2,0.9231,0.9385
lt,Lithuanian,Latn,alphabet,0.015185714285714294,7,0.9241,0.9392857142857143
ce,Chechen,Cyrl,alphabet,0.014981818181818197,11,0.9251454545454546,0.9401272727272727
os,Ossetic,Cyrl,alphabet,0.014981818181818197,11,0.9251454545454546,0.9401272727272727
kam,Kamba,Latn,alphabet,0.014800000000000035,5,0.9259000000000001,0.9407
ebu,Embu,Latn,alphabet,0.01429999999999998,5,0.9286,0.9429000000000001
mer,Meru,Latn,alphabet,0.01429999999999998,5,0.9286,0.9429000000000001
cic,Chickasaw,Latn,alphabet,0.01428571428571422,14,0.9285785714285714,0.9428642857142856
jv,Javanese,Latn,alphabet,0.013799999999999923,2,0.931,0.9448
ig,Igbo,Latn,alphabet,0.013466666666666675,9,0.9325444444444445,0.9460111111111112
uz,Uzbek,Latn,alphabet,0.013320000000000044,5,0.9333199999999999,0.94664
tk,Turkmen,Latn,alphabet,0.013300000000000034,4,0.93335,0.94665
cad,Caddo,Latn,alphabet,0.013300000000000025,14,0.93335,0.94665
ast,Asturian,Latn,alphabet,0.013188888888888868,9,0.9340333333333333,0.9472222222222223
se,Northern Sami,Latn,alphabet,0.012536363636363628,11,0.935409090909091,0.9479454545454545
et,Estonian,Latn,alphabet,0.012499999999999956,2,0.9328000000000001,0.9453
it,Italian,Latn,alphabet,0.012499999999999956,2,0.9375,0.95
an,Aragonese,Latn,alphabet,0.012499999999999956,2,0.9375,0.95
rm,Romansh,Latn,alphabet,0.012499999999999956,2,0.9375,0.95
nv,Navajo,Latn,alphabet,0.01233636363636363,11,0.9384090909090909,0.9507454545454546
lag,Langi,Latn,alphabet,0.012118181818181816,11,0.9394000000000001,0.9515181818181818
es,Spanish,Latn,alphabet,0.0121,2,0.9394,0.9515
ann,Obolo,Latn,alphabet,0.012078571428571423,14,0.9395785714285714,0.9516571428571429
sg,Sango,Latn,alphabet,0.011699999999999933,2,0.9412,0.9529
no,Norwegian,Latn,alphabet,0.011699999999999933,2,0.9412,0.9529
qu,Quechua,Latn,alphabet,0.011699999999999933,5,0.9412,0.9529
gl,Galician,Latn,alphabet,0.011699999999999933,2,0.9412,0.9529
haw,Hawaiian,Latn,alphabet,0.011199999999999988,4,0.9444,0.9556
fur,Friulian,Latn,alphabet,0.01090000000000002,2,0.9459,0.9568
fy,Western Frisian,Latn,alphabet,0.010724999999999985,4,0.94645,0.957175
pl,Polish,Latn,alphabet,0.010399999999999965,3,0.9479333333333333,0.9583333333333334
pt,Portuguese,Latn,alphabet,0.010300000000000031,2,0.94485,0.9551499999999999
seh,Sena,Latn,alphabet,0.010300000000000031,2,0.94485,0.9551499999999999
lld,lld,Latn,alphabet,0.00979999999999992,2,0.9512,0.961
cs,Czech,Latn,alphabet,0.00978333333333333,6,0.9499833333333334,0.9597666666666668
pcm,Nigerian Pidgin,Latn,alphabet,0.00968888888888887,9,0.9514222222222222,0.9611111111111111
br,Breton,Latn,alphabet,0.00965999999999998,5,0.9517,0.96136
scn,Sicilian,Latn,alphabet,0.00955714285714285,7,0.9523857142857144,0.9619428571428571
mus,Muscogee,Latn,alphabet,0.009499999999999953,5,0.9524000000000001,0.9619
nl,Dutch,Latn,alphabet,0.009475000000000039,4,0.9527,0.962175
hsb,Upper Sorbian,Latn,alphabet,0.009333333333333341,3,0.9536666666666666,0.9630000000000001
wae,Walser,Latn,alphabet,0.009219999999999983,5,0.9523400000000001,0.9615600000000001
to,Tongan,Latn,alphabet,0.008880000000000065,5,0.95558,0.9644600000000001
wo,Wolof,Latn,alphabet,0.008871428571428561,7,0.9556428571428572,0.9645142857142857
tr,Turkish,Latn,alphabet,0.00886666666666669,3,0.9555666666666666,0.9644333333333334
ga,Irish,Latn,alphabet,0.00869999999999993,2,0.9565,0.9652
lg,Ganda,Latn,alphabet,0.008399999999999963,7,0.9583,0.9667
ny,Nyanja,Latn,alphabet,0.008399999999999963,11,0.9582999999999999,0.9666999999999999
szl,Silesian,Latn,alphabet,0.008385714285714283,7,0.9567428571428572,0.9651285714285714
smn,Inari Sami,Latn,alphabet,0.008314285714285703,7,0.9557428571428571,0.9640571428571428
az,Azerbaijani,Latn,alphabet,0.008099999999999996,3,0.9596,0.9677000000000001
kcg,Tyap,Latn,alphabet,0.008000000000000007,14,0.96,0.968
sl,Slovenian,Latn,alphabet,0.008000000000000007,2,0.96,0.968
quc,Kʼicheʼ,Latn,alphabet,0.008000000000000007,5,0.96,0.968
dyo,Jola-Fonyi,Latn,alphabet,0.007999999999999976,7,0.9598571428571429,0.9678571428571427
dsb,Lower Sorbian,Latn,alphabet,0.007863636363636416,11,0.9607,0.9685636363636365
ht,Haitian Creole,Latn,alphabet,0.007699999999999929,2,0.9615,0.9692
fr,French,Latn,alphabet,0.007514285714285728,7,0.9626,0.9701142857142857
vo,Volapük,Latn,alphabet,0.007400000000000073,2,0.963,0.9704
hr,Croatian,Latn,alphabet,0.007400000000000073,2,0.9574499999999999,0.96485
bs,Bosnian,Latn,alphabet,0.007400000000000073,2,0.9574499999999999,0.96485
wa,Walloon,Latn,alphabet,0.007357142857142888,7,0.9634142857142857,0.9707714285714287
frr,Northern Frisian,Latn,alphabet,0.007099999999999995,2,0.95895,0.9660500000000001
ksh,Colognian,Latn,alphabet,0.007000000000000034,4,0.9652499999999999,0.9722500000000001
bew,Betawi,Latn,alphabet,0.006900000000000017,7,0.9654999999999999,0.9724
gsw,Swiss German,Latn,alphabet,0.006900000000000017,2,0.9655,0.9724
de,German,Latn,alphabet,0.00660000000000005,2,0.9667,0.9733
nds,Low German,Latn,alphabet,0.00660000000000005,2,0.9667,0.9733
ie,Interlingue,Latn,alphabet,0.00649999999999995,2,0.9677,0.9742
fi,Finnish,Latn,alphabet,0.00649999999999995,2,0.9677,0.9742
